feature,mean_auc_decrease,std
cp,0.0468316594930656,0.01059966158309395
chol,0.042419894787183235,0.011180722166734507
oldpeak,0.02736728837876624,0.008814979482082635
sex,0.017826398852223913,0.006908965822564286
exang,0.016714490674318582,0.005701596564472144
ca,0.010820181731229183,0.004830653867706613
thalch,0.008393113342898184,0.008060296329424562
fbs,0.007352941176470629,0.0025465161420572236
age,0.00663558106169303,0.004681580144641476
thal,0.0066355810616930185,0.004182636008019542
restecg,0.0062769010043042025,0.0042511111184985895
trestbps,0.005846484935437657,0.0025750963374333584
slope,0.004280248684839882,0.0034667457883438973
