mean_fit_time,std_fit_time,mean_score_time,std_score_time,param_model__n_estimators,param_model__min_samples_split,param_model__min_samples_leaf,param_model__max_features,param_model__max_depth,params,split0_test_score,split1_test_score,split2_test_score,split3_test_score,split4_test_score,mean_test_score,std_test_score,rank_test_score
0.0980618953704834,0.0009506314920729711,0.009303569793701172,0.0003548766807020248,100,5,2,log2,20,"{'model__n_estimators': 100, 'model__min_samples_split': 5, 'model__min_samples_leaf': 2, 'model__max_features': 'log2', 'model__max_depth': 20}",0.8514412416851441,0.8628517823639775,0.8959970071081181,0.8742985409652075,0.9173213617658063,0.8803819867776508,0.023622994690275935,19
0.09344005584716797,0.0014318906572881086,0.008850431442260743,0.00018207991764713555,100,10,4,log2,20,"{'model__n_estimators': 100, 'model__min_samples_split': 10, 'model__min_samples_leaf': 4, 'model__max_features': 'log2', 'model__max_depth': 20}",0.852549889135255,0.8592870544090055,0.9034792368125701,0.8806584362139918,0.9180695847362514,0.8828088402614147,0.025076236420208037,11
0.0992349624633789,0.000919675056897073,0.009438228607177735,0.00044069171493426636,100,5,1,log2,10,"{'model__n_estimators': 100, 'model__min_samples_split': 5, 'model__min_samples_leaf': 1, 'model__max_features': 'log2', 'model__max_depth': 10}",0.8547671840354767,0.8549718574108819,0.9010475121586232,0.8797231575009352,0.9231200897867564,0.8827259601785347,0.026564507078207046,12
0.10097684860229492,0.0007187998481372544,0.009113597869873046,0.00027408732584483924,100,10,2,sqrt,20,"{'model__n_estimators': 100, 'model__min_samples_split': 10, 'model__min_samples_leaf': 2, 'model__max_features': 'sqrt', 'model__max_depth': 20}",0.8523651145602366,0.8521575984990619,0.899551066217733,0.8763561541339319,0.9261129816685372,0.8813085830159,0.02846841459712663,15
0.09891757965087891,0.0010830848036634947,0.009168434143066406,0.00024671231080814724,100,10,2,sqrt,,"{'model__n_estimators': 100, 'model__min_samples_split': 10, 'model__min_samples_leaf': 2, 'model__max_features': 'sqrt', 'model__max_depth': None}",0.8523651145602366,0.8521575984990619,0.899551066217733,0.8763561541339319,0.9261129816685372,0.8813085830159,0.02846841459712663,15
0.10232791900634766,0.0023437404985502245,0.009666872024536134,0.0013689496656766188,100,5,1,sqrt,10,"{'model__n_estimators': 100, 'model__min_samples_split': 5, 'model__min_samples_leaf': 1, 'model__max_features': 'sqrt', 'model__max_depth': 10}",0.8481152993348116,0.8617260787992493,0.8978675645342311,0.8711185933408155,0.924055368499813,0.8805765809017843,0.02715847140456706,18
0.3119509220123291,0.014776278095996334,0.019275665283203125,0.002920987138220943,300,2,4,sqrt,20,"{'model__n_estimators': 300, 'model__min_samples_split': 2, 'model__min_samples_leaf': 4, 'model__max_features': 'sqrt', 'model__max_depth': 20}",0.8538433111603843,0.8645403377110693,0.9031051253273475,0.8789749345304901,0.9184436962214739,0.8837814809901531,0.02393529148150909,6
0.18736839294433594,0.0017952825031819792,0.012827110290527344,0.0007906979465223099,200,2,4,sqrt,5,"{'model__n_estimators': 200, 'model__min_samples_split': 2, 'model__min_samples_leaf': 4, 'model__max_features': 'sqrt', 'model__max_depth': 5}",0.859940872135994,0.8666041275797373,0.9047886270108492,0.8802843247287692,0.9098391320613542,0.8842914167033408,0.019973319172161975,5
0.19720220565795898,0.0050767487046915446,0.013681364059448243,0.0004830202813698389,200,10,2,log2,20,"{'model__n_estimators': 200, 'model__min_samples_split': 10, 'model__min_samples_leaf': 2, 'model__max_features': 'log2', 'model__max_depth': 20}",0.8532889874353289,0.8621013133208256,0.9014216236438458,0.8855218855218855,0.9191919191919192,0.884305145822761,0.024357969880490448,4
0.19689130783081055,0.0014700539495362316,0.013375139236450196,0.0006052001282255919,200,5,1,log2,10,"{'model__n_estimators': 200, 'model__min_samples_split': 5, 'model__min_samples_leaf': 1, 'model__max_features': 'log2', 'model__max_depth': 10}",0.8547671840354766,0.8600375234521576,0.8995510662177327,0.8817807706696595,0.9225589225589226,0.8837390933867898,0.025147439624945717,7
0.09748291969299316,0.0013782481951875624,0.010088300704956055,0.0006676636292409347,100,10,4,log2,10,"{'model__n_estimators': 100, 'model__min_samples_split': 10, 'model__min_samples_leaf': 4, 'model__max_features': 'log2', 'model__max_depth': 10}",0.8562453806356245,0.8607879924953095,0.9025439580995136,0.8763561541339319,0.9171343060231949,0.8826135582775148,0.023663026359573673,13
0.1034308910369873,0.0021406094583570593,0.009473371505737304,0.0007505389211087478,100,5,1,log2,,"{'model__n_estimators': 100, 'model__min_samples_split': 5, 'model__min_samples_leaf': 1, 'model__max_features': 'log2', 'model__max_depth': None}",0.8507945306725795,0.8626641651031894,0.8973063973063972,0.8752338196782641,0.9294799850355405,0.8830957795591943,0.027842658409398487,10
0.20719070434570314,0.006439908403012272,0.014688491821289062,0.001109640711280545,200,2,1,log2,20,"{'model__n_estimators': 200, 'model__min_samples_split': 2, 'model__min_samples_leaf': 1, 'model__max_features': 'log2', 'model__max_depth': 20}",0.8462675535846267,0.8619136960600375,0.8938458660680882,0.8805649083426862,0.9169472502805835,0.8799078548672045,0.024584858387448155,20
0.1102304458618164,0.0024139772603297273,0.009986162185668945,0.0006804216630256051,100,2,2,sqrt,,"{'model__n_estimators': 100, 'model__min_samples_split': 2, 'model__min_samples_leaf': 2, 'model__max_features': 'sqrt', 'model__max_depth': None}",0.8553215077605321,0.8587242026266417,0.8973063973063973,0.8720538720538721,0.9233071455293678,0.8813426250553622,0.0256547676421136,14
0.19097528457641602,0.00522525846912467,0.013914728164672851,0.0011550905682451418,200,5,2,sqrt,5,"{'model__n_estimators': 200, 'model__min_samples_split': 5, 'model__min_samples_leaf': 2, 'model__max_features': 'sqrt', 'model__max_depth': 5}",0.8577235772357723,0.8652908067542213,0.9070332959221847,0.8847736625514403,0.9122708567153012,0.8854184398357839,0.021729229445855376,2
0.33296594619750974,0.021052085369532396,0.018860483169555665,0.001554070447048634,300,5,2,sqrt,20,"{'model__n_estimators': 300, 'model__min_samples_split': 5, 'model__min_samples_leaf': 2, 'model__max_features': 'sqrt', 'model__max_depth': 20}",0.8529194382852918,0.8606003752345216,0.9049756827534605,0.8802843247287692,0.9190048634493079,0.8835569368902704,0.025265344667630026,8
0.2066804885864258,0.003080995179191227,0.013866233825683593,0.0005884347778507142,200,2,2,sqrt,20,"{'model__n_estimators': 200, 'model__min_samples_split': 2, 'model__min_samples_leaf': 2, 'model__max_features': 'sqrt', 'model__max_depth': 20}",0.8514412416851441,0.8617260787992496,0.9016086793864572,0.8797231575009352,0.9218106995884774,0.8832619713920528,0.02573512328471976,9
0.10012459754943848,0.00133090010598552,0.009159040451049805,0.000711336626771935,100,2,4,sqrt,,"{'model__n_estimators': 100, 'model__min_samples_split': 2, 'model__min_samples_leaf': 4, 'model__max_features': 'sqrt', 'model__max_depth': None}",0.8527346637102735,0.8562851782363978,0.8978675645342312,0.8800972689861579,0.9182566404788627,0.8810482631891846,0.024831942815945106,17
0.19973311424255372,0.008629899729169993,0.013862323760986329,0.0005846861348320477,200,2,4,log2,10,"{'model__n_estimators': 200, 'model__min_samples_split': 2, 'model__min_samples_leaf': 4, 'model__max_features': 'log2', 'model__max_depth': 10}",0.8571692535107168,0.8577861163227015,0.9014216236438458,0.8851477740366629,0.9208754208754208,0.8844800376778696,0.02478116822962434,3
0.1207923412322998,0.012743580771687706,0.012823867797851562,0.0030580474085211166,100,5,2,sqrt,5,"{'model__n_estimators': 100, 'model__min_samples_split': 5, 'model__min_samples_leaf': 2, 'model__max_features': 'sqrt', 'model__max_depth': 5}",0.8610495195861049,0.8645403377110693,0.9042274597830153,0.8860830527497193,0.9156378600823045,0.8863076459824427,0.02141597668258672,1
