id,split
1,train
2,holdout
3,train
4,holdout
5,train
6,train
7,train
8,train
9,holdout
10,train
11,train
12,train
13,train
14,train
15,train
16,train
17,train
18,train
19,train
20,train
21,holdout
22,train
23,train
24,train
25,holdout
26,train
27,train
28,train
29,train
30,train
31,train
32,train
33,train
34,holdout
35,holdout
36,train
37,train
38,train
39,holdout
40,train
41,train
42,train
43,train
44,train
45,train
46,train
47,train
48,train
49,train
50,train
51,train
52,train
53,train
54,train
55,train
56,holdout
57,train
58,train
59,train
60,holdout
61,train
62,train
63,train
64,train
65,train
66,train
67,train
68,train
69,train
70,train
71,train
72,train
73,train
74,train
75,train
76,train
77,train
78,train
79,train
80,train
81,train
82,holdout
83,train
84,holdout
85,train
86,train
87,train
88,holdout
89,holdout
90,holdout
91,train
92,train
93,holdout
94,holdout
95,holdout
96,train
97,train
98,train
99,train
100,train
101,train
102,holdout
103,train
104,train
105,train
106,train
107,train
108,train
109,holdout
110,holdout
111,train
112,train
113,train
114,train
115,train
116,train
117,train
118,train
119,train
120,train
121,train
122,train
123,train
124,train
125,holdout
126,train
127,train
128,train
129,train
130,train
131,train
132,holdout
133,train
134,train
135,train
136,train
137,train
138,train
139,train
140,train
141,train
142,train
143,train
144,train
145,train
146,train
147,train
148,holdout
149,train
150,train
151,train
152,train
153,train
154,train
155,holdout
156,train
157,train
158,train
159,train
160,train
161,holdout
162,train
163,holdout
164,train
165,train
166,holdout
167,train
168,train
169,train
170,train
171,holdout
172,train
173,train
174,train
175,train
176,train
177,train
178,train
179,train
180,holdout
181,train
182,train
183,train
184,train
185,train
186,holdout
187,train
188,train
189,train
190,holdout
191,train
192,train
193,train
194,holdout
195,holdout
196,train
197,holdout
198,train
199,train
200,train
201,train
202,train
203,train
204,train
205,train
206,holdout
207,train
208,holdout
209,train
210,train
211,train
212,holdout
213,train
214,train
215,train
216,train
217,train
218,train
219,train
220,holdout
221,train
222,train
223,train
224,train
225,holdout
226,train
227,train
228,train
229,train
230,train
231,train
232,train
233,train
234,train
235,holdout
236,train
237,holdout
238,train
239,train
240,train
241,train
242,holdout
243,train
244,train
245,train
246,train
247,train
248,train
249,train
250,train
251,train
252,train
253,train
254,train
255,train
256,train
257,train
258,train
259,train
260,train
261,train
262,train
263,train
264,train
265,train
266,holdout
267,holdout
268,train
269,holdout
270,holdout
271,train
272,train
273,holdout
274,holdout
275,train
276,train
277,train
278,train
279,holdout
280,train
281,train
282,train
283,holdout
284,train
285,holdout
286,train
287,holdout
288,train
289,train
290,holdout
291,train
292,holdout
293,train
294,train
295,train
296,train
297,train
298,train
299,train
300,train
301,train
302,train
303,train
304,train
305,train
306,holdout
307,train
308,train
309,holdout
310,train
311,train
312,train
313,train
314,holdout
315,train
316,train
317,train
318,train
319,train
320,train
321,train
322,train
323,train
324,train
325,train
326,train
327,holdout
328,holdout
329,holdout
330,holdout
331,holdout
332,train
333,train
334,train
335,train
336,train
337,train
338,train
339,train
340,train
341,holdout
342,train
343,train
344,train
345,holdout
346,train
347,train
348,train
349,train
350,train
351,train
352,holdout
353,train
354,holdout
355,train
356,train
357,holdout
358,train
359,train
360,train
361,train
362,train
363,train
364,train
365,train
366,train
367,train
368,train
369,train
370,train
371,train
372,train
373,train
374,train
375,holdout
376,train
377,train
378,train
379,train
380,train
381,holdout
382,train
383,holdout
384,train
385,train
386,train
387,train
388,train
389,train
390,train
391,holdout
392,holdout
393,train
394,train
395,train
396,train
397,holdout
398,train
399,holdout
400,train
401,train
402,train
403,holdout
404,holdout
405,train
406,train
407,train
408,train
409,holdout
410,holdout
411,train
412,train
413,holdout
414,train
415,train
416,holdout
417,train
418,train
419,train
420,train
421,train
422,train
423,train
424,train
425,train
426,train
427,train
428,train
429,train
430,train
431,train
432,train
433,holdout
434,train
435,holdout
436,train
437,train
438,train
439,train
440,train
441,train
442,train
443,holdout
444,train
445,train
446,holdout
447,train
448,holdout
449,holdout
450,train
451,train
452,train
453,holdout
454,train
455,holdout
456,train
457,train
458,train
459,holdout
460,train
461,train
462,train
463,train
464,train
465,train
466,train
467,train
468,holdout
469,train
470,holdout
471,train
472,train
473,train
474,train
475,train
476,train
477,train
478,train
479,holdout
480,train
481,train
482,train
483,holdout
484,holdout
485,holdout
486,train
487,train
488,holdout
489,train
490,train
491,train
492,train
493,train
494,train
495,train
496,holdout
497,holdout
498,train
499,holdout
500,train
501,train
502,train
503,train
504,holdout
505,train
506,holdout
507,train
508,train
509,train
510,holdout
511,train
512,holdout
513,train
514,train
515,holdout
516,train
517,train
518,train
519,train
520,train
521,train
522,train
523,train
524,train
525,train
526,train
527,train
528,train
529,train
530,holdout
531,train
532,holdout
533,train
534,train
535,train
536,train
537,holdout
538,train
539,train
540,train
541,holdout
542,train
543,train
544,holdout
545,train
546,train
547,train
548,train
549,train
550,train
551,train
552,train
553,train
554,train
555,train
556,holdout
557,train
558,train
559,train
560,train
561,train
562,train
563,train
564,train
565,train
566,train
567,train
568,train
569,train
570,holdout
571,train
572,holdout
573,train
574,holdout
575,holdout
576,train
577,train
578,train
579,train
580,train
581,holdout
582,train
583,train
584,train
585,train
586,train
587,train
588,train
589,holdout
590,holdout
591,holdout
592,train
593,train
594,train
595,train
596,train
597,train
598,holdout
599,holdout
600,train
601,train
602,holdout
603,train
604,train
605,train
606,train
607,holdout
608,train
609,train
610,holdout
611,holdout
612,train
613,train
614,train
615,train
616,train
617,train
618,train
619,train
620,train
621,train
622,train
623,holdout
624,train
625,train
626,holdout
627,train
628,train
629,holdout
630,train
631,train
632,holdout
633,holdout
634,holdout
635,train
636,train
637,train
638,train
639,train
640,holdout
641,train
642,train
643,train
644,holdout
645,train
646,holdout
647,train
648,train
649,train
650,train
651,train
652,train
653,train
654,train
655,train
656,train
657,train
658,train
659,train
660,train
661,train
662,train
663,train
664,train
665,train
666,holdout
667,train
668,train
669,holdout
670,train
671,train
672,train
673,train
674,train
675,train
676,holdout
677,holdout
678,train
679,train
680,train
681,train
682,train
683,holdout
684,train
685,train
686,train
687,train
688,train
689,train
690,train
691,train
692,train
693,train
694,holdout
695,train
696,train
697,train
698,holdout
699,holdout
700,train
701,train
702,train
703,train
704,holdout
705,train
706,train
707,train
708,holdout
709,train
710,train
711,train
712,train
713,train
714,holdout
715,train
716,holdout
717,train
718,holdout
719,train
720,train
721,train
722,train
723,train
724,train
725,train
726,train
727,train
728,holdout
729,train
730,train
731,train
732,train
733,train
734,train
735,holdout
736,train
737,train
738,train
739,train
740,train
741,holdout
742,train
743,train
744,train
745,train
746,train
747,train
748,train
749,train
750,train
751,train
752,train
753,holdout
754,holdout
755,train
756,train
757,train
758,train
759,train
760,train
761,train
762,train
763,train
764,train
765,holdout
766,holdout
767,train
768,holdout
769,holdout
770,train
771,train
772,holdout
773,train
774,holdout
775,train
776,holdout
777,train
778,train
779,train
780,train
781,train
782,train
783,train
784,train
785,train
786,train
787,train
788,train
789,train
790,train
791,train
792,train
793,train
794,train
795,train
796,train
797,train
798,train
799,train
800,train
801,train
802,train
803,train
804,train
805,holdout
806,train
807,train
808,train
809,train
810,train
811,train
812,train
813,train
814,holdout
815,train
816,holdout
817,train
818,train
819,holdout
820,holdout
821,holdout
822,train
823,train
824,train
825,train
826,holdout
827,holdout
828,train
829,train
830,train
831,train
832,train
833,train
834,train
835,train
836,holdout
837,holdout
838,train
839,train
840,train
841,holdout
842,train
843,train
844,train
845,train
846,train
847,train
848,train
849,train
850,train
851,train
852,train
853,train
854,train
855,holdout
856,holdout
857,train
858,train
859,train
860,holdout
861,train
862,train
863,train
864,train
865,train
866,train
867,train
868,train
869,train
870,train
871,train
872,train
873,train
874,train
875,holdout
876,train
877,holdout
878,holdout
879,train
880,train
881,train
882,train
883,train
884,holdout
885,train
886,train
887,train
888,holdout
889,train
890,train
891,train
892,train
893,train
894,train
895,train
896,holdout
897,train
898,holdout
899,train
900,train
901,train
902,train
903,train
904,train
905,train
906,holdout
907,train
908,train
909,train
910,train
911,holdout
912,train
913,train
914,holdout
915,train
916,train
917,train
918,train
919,holdout
920,train
